<annotation>
	<folder>labellmg</folder>
	<filename>16.png</filename>
	<path>E:/x pictures etc/labellmg/16.png</path>
	<source>
		<database>Unknown</database>
	</source>
	<size>
		<width>688</width>
		<height>253</height>
		<depth>3</depth>
	</size>
	<segmented>0</segmented>
	<object>
		<name>drill</name>
		<pose>Unspecified</pose>
		<truncated>0</truncated>
		<difficult>0</difficult>
		<bndbox>
			<xmin>119</xmin>
			<ymin>22</ymin>
			<xmax>213</xmax>
			<ymax>130</ymax>
		</bndbox>
	</object>
	<object>
		<name>jigsaw</name>
		<pose>Unspecified</pose>
		<truncated>0</truncated>
		<difficult>0</difficult>
		<bndbox>
			<xmin>307</xmin>
			<ymin>11</ymin>
			<xmax>402</xmax>
			<ymax>132</ymax>
		</bndbox>
	</object>
	<object>
		<name>circular saw</name>
		<pose>Unspecified</pose>
		<truncated>0</truncated>
		<difficult>0</difficult>
		<bndbox>
			<xmin>432</xmin>
			<ymin>31</ymin>
			<xmax>544</xmax>
			<ymax>152</ymax>
		</bndbox>
	</object>
	<object>
		<name>sander</name>
		<pose>Unspecified</pose>
		<truncated>0</truncated>
		<difficult>0</difficult>
		<bndbox>
			<xmin>157</xmin>
			<ymin>96</ymin>
			<xmax>299</xmax>
			<ymax>189</ymax>
		</bndbox>
	</object>
	<object>
		<name>worktable</name>
		<pose>Unspecified</pose>
		<truncated>0</truncated>
		<difficult>0</difficult>
		<bndbox>
			<xmin>174</xmin>
			<ymin>144</ymin>
			<xmax>533</xmax>
			<ymax>246</ymax>
		</bndbox>
	</object>
</annotation>
