<annotation>
	<folder>labellmg</folder>
	<filename>filters_format(jpeg)_quality(75).jpg</filename>
	<path>E:/x pictures etc/labellmg/filters_format(jpeg)_quality(75).jpg</path>
	<source>
		<database>Unknown</database>
	</source>
	<size>
		<width>2100</width>
		<height>780</height>
		<depth>3</depth>
	</size>
	<segmented>0</segmented>
	<object>
		<name>cat</name>
		<pose>Unspecified</pose>
		<truncated>1</truncated>
		<difficult>0</difficult>
		<bndbox>
			<xmin>120</xmin>
			<ymin>296</ymin>
			<xmax>824</xmax>
			<ymax>780</ymax>
		</bndbox>
	</object>
	<object>
		<name>dog</name>
		<pose>Unspecified</pose>
		<truncated>0</truncated>
		<difficult>0</difficult>
		<bndbox>
			<xmin>645</xmin>
			<ymin>65</ymin>
			<xmax>1381</xmax>
			<ymax>765</ymax>
		</bndbox>
	</object>
	<object>
		<name>cat</name>
		<pose>Unspecified</pose>
		<truncated>0</truncated>
		<difficult>0</difficult>
		<bndbox>
			<xmin>1337</xmin>
			<ymin>76</ymin>
			<xmax>1830</xmax>
			<ymax>755</ymax>
		</bndbox>
	</object>
</annotation>
