<annotation>
	<folder>labellmg</folder>
	<filename>Hero-Image (1).jpg</filename>
	<path>E:/x pictures etc/labellmg/Hero-Image (1).jpg</path>
	<source>
		<database>Unknown</database>
	</source>
	<size>
		<width>1500</width>
		<height>1042</height>
		<depth>3</depth>
	</size>
	<segmented>0</segmented>
	<object>
		<name>mailbox</name>
		<pose>Unspecified</pose>
		<truncated>0</truncated>
		<difficult>0</difficult>
		<bndbox>
			<xmin>802</xmin>
			<ymin>431</ymin>
			<xmax>917</xmax>
			<ymax>626</ymax>
		</bndbox>
	</object>
	<object>
		<name>mailbox</name>
		<pose>Unspecified</pose>
		<truncated>0</truncated>
		<difficult>0</difficult>
		<bndbox>
			<xmin>1130</xmin>
			<ymin>422</ymin>
			<xmax>1163</xmax>
			<ymax>479</ymax>
		</bndbox>
	</object>
	<object>
		<name>street</name>
		<pose>Unspecified</pose>
		<truncated>1</truncated>
		<difficult>0</difficult>
		<bndbox>
			<xmin>1</xmin>
			<ymin>530</ymin>
			<xmax>648</xmax>
			<ymax>847</ymax>
		</bndbox>
	</object>
	<object>
		<name>sidewalk</name>
		<pose>Unspecified</pose>
		<truncated>0</truncated>
		<difficult>0</difficult>
		<bndbox>
			<xmin>635</xmin>
			<ymin>664</ymin>
			<xmax>1453</xmax>
			<ymax>1024</ymax>
		</bndbox>
	</object>
	<object>
		<name>grass</name>
		<pose>Unspecified</pose>
		<truncated>0</truncated>
		<difficult>0</difficult>
		<bndbox>
			<xmin>886</xmin>
			<ymin>491</ymin>
			<xmax>1198</xmax>
			<ymax>653</ymax>
		</bndbox>
	</object>
</annotation>
