<annotation>
	<folder>labellmg</folder>
	<filename>hero-image.jpg</filename>
	<path>E:/x pictures etc/labellmg/hero-image.jpg</path>
	<source>
		<database>Unknown</database>
	</source>
	<size>
		<width>2876</width>
		<height>1618</height>
		<depth>3</depth>
	</size>
	<segmented>0</segmented>
	<object>
		<name>allen wrench</name>
		<pose>Unspecified</pose>
		<truncated>1</truncated>
		<difficult>0</difficult>
		<bndbox>
			<xmin>46</xmin>
			<ymin>431</ymin>
			<xmax>527</xmax>
			<ymax>1618</ymax>
		</bndbox>
	</object>
	<object>
		<name>adjustable wrench</name>
		<pose>Unspecified</pose>
		<truncated>1</truncated>
		<difficult>0</difficult>
		<bndbox>
			<xmin>544</xmin>
			<ymin>460</ymin>
			<xmax>959</xmax>
			<ymax>1618</ymax>
		</bndbox>
	</object>
	<object>
		<name>open end wrench</name>
		<pose>Unspecified</pose>
		<truncated>0</truncated>
		<difficult>0</difficult>
		<bndbox>
			<xmin>986</xmin>
			<ymin>458</ymin>
			<xmax>1227</xmax>
			<ymax>1586</ymax>
		</bndbox>
	</object>
	<object>
		<name>screw driver</name>
		<pose>Unspecified</pose>
		<truncated>1</truncated>
		<difficult>0</difficult>
		<bndbox>
			<xmin>1250</xmin>
			<ymin>461</ymin>
			<xmax>1521</xmax>
			<ymax>1618</ymax>
		</bndbox>
	</object>
	<object>
		<name>needle nose pliers</name>
		<pose>Unspecified</pose>
		<truncated>0</truncated>
		<difficult>0</difficult>
		<bndbox>
			<xmin>1569</xmin>
			<ymin>469</ymin>
			<xmax>2018</xmax>
			<ymax>1612</ymax>
		</bndbox>
	</object>
	<object>
		<name>socket wrench</name>
		<pose>Unspecified</pose>
		<truncated>0</truncated>
		<difficult>0</difficult>
		<bndbox>
			<xmin>2380</xmin>
			<ymin>480</ymin>
			<xmax>2767</xmax>
			<ymax>1617</ymax>
		</bndbox>
	</object>
</annotation>
