<annotation>
	<folder>labellmg</folder>
	<filename>istockphoto-119604631-612x612.jpg</filename>
	<path>E:/x pictures etc/labellmg/istockphoto-119604631-612x612.jpg</path>
	<source>
		<database>Unknown</database>
	</source>
	<size>
		<width>612</width>
		<height>407</height>
		<depth>3</depth>
	</size>
	<segmented>0</segmented>
	<object>
		<name>battery</name>
		<pose>Unspecified</pose>
		<truncated>0</truncated>
		<difficult>0</difficult>
		<bndbox>
			<xmin>92</xmin>
			<ymin>272</ymin>
			<xmax>426</xmax>
			<ymax>378</ymax>
		</bndbox>
	</object>
	<object>
		<name>red jumper cable</name>
		<pose>Unspecified</pose>
		<truncated>0</truncated>
		<difficult>0</difficult>
		<bndbox>
			<xmin>119</xmin>
			<ymin>81</ymin>
			<xmax>230</xmax>
			<ymax>283</ymax>
		</bndbox>
	</object>
	<object>
		<name>black jumper cable</name>
		<pose>Unspecified</pose>
		<truncated>0</truncated>
		<difficult>0</difficult>
		<bndbox>
			<xmin>365</xmin>
			<ymin>40</ymin>
			<xmax>481</xmax>
			<ymax>297</ymax>
		</bndbox>
	</object>
	<object>
		<name>coolant resevoir</name>
		<pose>Unspecified</pose>
		<truncated>0</truncated>
		<difficult>0</difficult>
		<bndbox>
			<xmin>265</xmin>
			<ymin>99</ymin>
			<xmax>375</xmax>
			<ymax>198</ymax>
		</bndbox>
	</object>
</annotation>
