<annotation>
	<folder>labellmg</folder>
	<filename>istockphoto-1433055146-612x612.jpg</filename>
	<path>E:/x pictures etc/labellmg/istockphoto-1433055146-612x612.jpg</path>
	<source>
		<database>Unknown</database>
	</source>
	<size>
		<width>612</width>
		<height>344</height>
		<depth>3</depth>
	</size>
	<segmented>0</segmented>
	<object>
		<name>plant</name>
		<pose>Unspecified</pose>
		<truncated>1</truncated>
		<difficult>0</difficult>
		<bndbox>
			<xmin>1</xmin>
			<ymin>94</ymin>
			<xmax>102</xmax>
			<ymax>270</ymax>
		</bndbox>
	</object>
	<object>
		<name>books</name>
		<pose>Unspecified</pose>
		<truncated>0</truncated>
		<difficult>0</difficult>
		<bndbox>
			<xmin>94</xmin>
			<ymin>219</ymin>
			<xmax>196</xmax>
			<ymax>272</ymax>
		</bndbox>
	</object>
	<object>
		<name>coffee</name>
		<pose>Unspecified</pose>
		<truncated>0</truncated>
		<difficult>0</difficult>
		<bndbox>
			<xmin>219</xmin>
			<ymin>194</ymin>
			<xmax>269</xmax>
			<ymax>252</ymax>
		</bndbox>
	</object>
	<object>
		<name>laptop</name>
		<pose>Unspecified</pose>
		<truncated>0</truncated>
		<difficult>0</difficult>
		<bndbox>
			<xmin>249</xmin>
			<ymin>146</ymin>
			<xmax>476</xmax>
			<ymax>279</ymax>
		</bndbox>
	</object>
	<object>
		<name>desk</name>
		<pose>Unspecified</pose>
		<truncated>1</truncated>
		<difficult>0</difficult>
		<bndbox>
			<xmin>277</xmin>
			<ymin>248</ymin>
			<xmax>612</xmax>
			<ymax>343</ymax>
		</bndbox>
	</object>
</annotation>
