<annotation>
	<folder>labellmg</folder>
	<filename>KL-B-2desks-styled1_1.jpg</filename>
	<path>E:/x pictures etc/labellmg/KL-B-2desks-styled1_1.jpg</path>
	<source>
		<database>Unknown</database>
	</source>
	<size>
		<width>1500</width>
		<height>1000</height>
		<depth>3</depth>
	</size>
	<segmented>0</segmented>
	<object>
		<name>clock</name>
		<pose>Unspecified</pose>
		<truncated>0</truncated>
		<difficult>0</difficult>
		<bndbox>
			<xmin>471</xmin>
			<ymin>381</ymin>
			<xmax>534</xmax>
			<ymax>458</ymax>
		</bndbox>
	</object>
	<object>
		<name>laptop</name>
		<pose>Unspecified</pose>
		<truncated>0</truncated>
		<difficult>0</difficult>
		<bndbox>
			<xmin>629</xmin>
			<ymin>324</ymin>
			<xmax>870</xmax>
			<ymax>462</ymax>
		</bndbox>
	</object>
	<object>
		<name>computer mouse</name>
		<pose>Unspecified</pose>
		<truncated>0</truncated>
		<difficult>0</difficult>
		<bndbox>
			<xmin>853</xmin>
			<ymin>425</ymin>
			<xmax>905</xmax>
			<ymax>457</ymax>
		</bndbox>
	</object>
	<object>
		<name>lotion</name>
		<pose>Unspecified</pose>
		<truncated>0</truncated>
		<difficult>0</difficult>
		<bndbox>
			<xmin>868</xmin>
			<ymin>329</ymin>
			<xmax>919</xmax>
			<ymax>411</ymax>
		</bndbox>
	</object>
	<object>
		<name>cup</name>
		<pose>Unspecified</pose>
		<truncated>0</truncated>
		<difficult>0</difficult>
		<bndbox>
			<xmin>933</xmin>
			<ymin>391</ymin>
			<xmax>984</xmax>
			<ymax>425</ymax>
		</bndbox>
	</object>
	<object>
		<name>hydroflask</name>
		<pose>Unspecified</pose>
		<truncated>0</truncated>
		<difficult>0</difficult>
		<bndbox>
			<xmin>224</xmin>
			<ymin>144</ymin>
			<xmax>277</xmax>
			<ymax>249</ymax>
		</bndbox>
	</object>
	<object>
		<name>mouse</name>
		<pose>Unspecified</pose>
		<truncated>0</truncated>
		<difficult>0</difficult>
		<bndbox>
			<xmin>422</xmin>
			<ymin>222</ymin>
			<xmax>469</xmax>
			<ymax>262</ymax>
		</bndbox>
	</object>
	<object>
		<name>computer</name>
		<pose>Unspecified</pose>
		<truncated>0</truncated>
		<difficult>0</difficult>
		<bndbox>
			<xmin>434</xmin>
			<ymin>40</ymin>
			<xmax>692</xmax>
			<ymax>253</ymax>
		</bndbox>
	</object>
	<object>
		<name>over ear headphones</name>
		<pose>Unspecified</pose>
		<truncated>0</truncated>
		<difficult>0</difficult>
		<bndbox>
			<xmin>205</xmin>
			<ymin>261</ymin>
			<xmax>296</xmax>
			<ymax>355</ymax>
		</bndbox>
	</object>
	<object>
		<name>cactus</name>
		<pose>Unspecified</pose>
		<truncated>0</truncated>
		<difficult>0</difficult>
		<bndbox>
			<xmin>705</xmin>
			<ymin>176</ymin>
			<xmax>809</xmax>
			<ymax>245</ymax>
		</bndbox>
	</object>
	<object>
		<name>desk</name>
		<pose>Unspecified</pose>
		<truncated>0</truncated>
		<difficult>0</difficult>
		<bndbox>
			<xmin>322</xmin>
			<ymin>355</ymin>
			<xmax>1101</xmax>
			<ymax>884</ymax>
		</bndbox>
	</object>
	<object>
		<name>desk</name>
		<pose>Unspecified</pose>
		<truncated>0</truncated>
		<difficult>0</difficult>
		<bndbox>
			<xmin>186</xmin>
			<ymin>227</ymin>
			<xmax>865</xmax>
			<ymax>776</ymax>
		</bndbox>
	</object>
	<object>
		<name>roll chair</name>
		<pose>Unspecified</pose>
		<truncated>0</truncated>
		<difficult>0</difficult>
		<bndbox>
			<xmin>1103</xmin>
			<ymin>311</ymin>
			<xmax>1449</xmax>
			<ymax>887</ymax>
		</bndbox>
	</object>
</annotation>
