<annotation>
	<folder>labellmg</folder>
	<filename>2715-hero-guide-to-12-volt-car-batteries.jpg</filename>
	<path>E:/x pictures etc/labellmg/2715-hero-guide-to-12-volt-car-batteries.jpg</path>
	<source>
		<database>Unknown</database>
	</source>
	<size>
		<width>2000</width>
		<height>1333</height>
		<depth>3</depth>
	</size>
	<segmented>0</segmented>
	<object>
		<name>car battery</name>
		<pose>Unspecified</pose>
		<truncated>0</truncated>
		<difficult>0</difficult>
		<bndbox>
			<xmin>562</xmin>
			<ymin>440</ymin>
			<xmax>1591</xmax>
			<ymax>969</ymax>
		</bndbox>
	</object>
	<object>
		<name>red terminal</name>
		<pose>Unspecified</pose>
		<truncated>0</truncated>
		<difficult>0</difficult>
		<bndbox>
			<xmin>1150</xmin>
			<ymin>541</ymin>
			<xmax>1659</xmax>
			<ymax>861</ymax>
		</bndbox>
	</object>
	<object>
		<name>black terminal</name>
		<pose>Unspecified</pose>
		<truncated>0</truncated>
		<difficult>0</difficult>
		<bndbox>
			<xmin>862</xmin>
			<ymin>366</ymin>
			<xmax>1063</xmax>
			<ymax>503</ymax>
		</bndbox>
	</object>
	<object>
		<name>oil cap</name>
		<pose>Unspecified</pose>
		<truncated>0</truncated>
		<difficult>0</difficult>
		<bndbox>
			<xmin>335</xmin>
			<ymin>437</ymin>
			<xmax>563</xmax>
			<ymax>561</ymax>
		</bndbox>
	</object>
	<object>
		<name>engine cover</name>
		<pose>Unspecified</pose>
		<truncated>0</truncated>
		<difficult>0</difficult>
		<bndbox>
			<xmin>731</xmin>
			<ymin>49</ymin>
			<xmax>1333</xmax>
			<ymax>370</ymax>
		</bndbox>
	</object>
	<object>
		<name>engine hose</name>
		<pose>Unspecified</pose>
		<truncated>0</truncated>
		<difficult>0</difficult>
		<bndbox>
			<xmin>1059</xmin>
			<ymin>44</ymin>
			<xmax>1754</xmax>
			<ymax>423</ymax>
		</bndbox>
	</object>
</annotation>
