<annotation>
	<folder>labellmg</folder>
	<filename>maxresdefault.jpg</filename>
	<path>E:/x pictures etc/labellmg/maxresdefault.jpg</path>
	<source>
		<database>Unknown</database>
	</source>
	<size>
		<width>1280</width>
		<height>720</height>
		<depth>3</depth>
	</size>
	<segmented>0</segmented>
	<object>
		<name>man</name>
		<pose>Unspecified</pose>
		<truncated>1</truncated>
		<difficult>0</difficult>
		<bndbox>
			<xmin>707</xmin>
			<ymin>135</ymin>
			<xmax>952</xmax>
			<ymax>720</ymax>
		</bndbox>
	</object>
	<object>
		<name>man</name>
		<pose>Unspecified</pose>
		<truncated>0</truncated>
		<difficult>0</difficult>
		<bndbox>
			<xmin>440</xmin>
			<ymin>155</ymin>
			<xmax>603</xmax>
			<ymax>413</ymax>
		</bndbox>
	</object>
	<object>
		<name>surf board</name>
		<pose>Unspecified</pose>
		<truncated>0</truncated>
		<difficult>0</difficult>
		<bndbox>
			<xmin>47</xmin>
			<ymin>381</ymin>
			<xmax>464</xmax>
			<ymax>641</ymax>
		</bndbox>
	</object>
	<object>
		<name>surf board</name>
		<pose>Unspecified</pose>
		<truncated>0</truncated>
		<difficult>0</difficult>
		<bndbox>
			<xmin>416</xmin>
			<ymin>375</ymin>
			<xmax>1214</xmax>
			<ymax>643</ymax>
		</bndbox>
	</object>
	<object>
		<name>man</name>
		<pose>Unspecified</pose>
		<truncated>0</truncated>
		<difficult>0</difficult>
		<bndbox>
			<xmin>1018</xmin>
			<ymin>176</ymin>
			<xmax>1137</xmax>
			<ymax>410</ymax>
		</bndbox>
	</object>
</annotation>
