<annotation>
	<folder>labellmg</folder>
	<filename>small-desks-4155171-hero-faaa214445524b4485f9aa1cee5fbc2e.jpg</filename>
	<path>E:/x pictures etc/labellmg/small-desks-4155171-hero-faaa214445524b4485f9aa1cee5fbc2e.jpg</path>
	<source>
		<database>Unknown</database>
	</source>
	<size>
		<width>1500</width>
		<height>1000</height>
		<depth>3</depth>
	</size>
	<segmented>0</segmented>
	<object>
		<name>picture frame</name>
		<pose>Unspecified</pose>
		<truncated>0</truncated>
		<difficult>0</difficult>
		<bndbox>
			<xmin>172</xmin>
			<ymin>133</ymin>
			<xmax>235</xmax>
			<ymax>309</ymax>
		</bndbox>
	</object>
	<object>
		<name>files</name>
		<pose>Unspecified</pose>
		<truncated>0</truncated>
		<difficult>0</difficult>
		<bndbox>
			<xmin>380</xmin>
			<ymin>254</ymin>
			<xmax>589</xmax>
			<ymax>325</ymax>
		</bndbox>
	</object>
	<object>
		<name>notepad</name>
		<pose>Unspecified</pose>
		<truncated>0</truncated>
		<difficult>0</difficult>
		<bndbox>
			<xmin>411</xmin>
			<ymin>308</ymin>
			<xmax>580</xmax>
			<ymax>411</ymax>
		</bndbox>
	</object>
	<object>
		<name>journal</name>
		<pose>Unspecified</pose>
		<truncated>0</truncated>
		<difficult>0</difficult>
		<bndbox>
			<xmin>475</xmin>
			<ymin>414</ymin>
			<xmax>601</xmax>
			<ymax>460</ymax>
		</bndbox>
	</object>
	<object>
		<name>mug</name>
		<pose>Unspecified</pose>
		<truncated>0</truncated>
		<difficult>0</difficult>
		<bndbox>
			<xmin>371</xmin>
			<ymin>363</ymin>
			<xmax>460</xmax>
			<ymax>445</ymax>
		</bndbox>
	</object>
	<object>
		<name>laptop</name>
		<pose>Unspecified</pose>
		<truncated>0</truncated>
		<difficult>0</difficult>
		<bndbox>
			<xmin>663</xmin>
			<ymin>419</ymin>
			<xmax>901</xmax>
			<ymax>454</ymax>
		</bndbox>
	</object>
	<object>
		<name>pencil holder</name>
		<pose>Unspecified</pose>
		<truncated>0</truncated>
		<difficult>0</difficult>
		<bndbox>
			<xmin>918</xmin>
			<ymin>307</ymin>
			<xmax>994</xmax>
			<ymax>439</ymax>
		</bndbox>
	</object>
	<object>
		<name>stapler</name>
		<pose>Unspecified</pose>
		<truncated>0</truncated>
		<difficult>0</difficult>
		<bndbox>
			<xmin>802</xmin>
			<ymin>375</ymin>
			<xmax>917</xmax>
			<ymax>431</ymax>
		</bndbox>
	</object>
	<object>
		<name>hour glass</name>
		<pose>Unspecified</pose>
		<truncated>0</truncated>
		<difficult>0</difficult>
		<bndbox>
			<xmin>590</xmin>
			<ymin>244</ymin>
			<xmax>697</xmax>
			<ymax>429</ymax>
		</bndbox>
	</object>
	<object>
		<name>desk</name>
		<pose>Unspecified</pose>
		<truncated>0</truncated>
		<difficult>0</difficult>
		<bndbox>
			<xmin>321</xmin>
			<ymin>403</ymin>
			<xmax>1048</xmax>
			<ymax>984</ymax>
		</bndbox>
	</object>
	<object>
		<name>chair</name>
		<pose>Unspecified</pose>
		<truncated>1</truncated>
		<difficult>0</difficult>
		<bndbox>
			<xmin>406</xmin>
			<ymin>492</ymin>
			<xmax>919</xmax>
			<ymax>1000</ymax>
		</bndbox>
	</object>
	<object>
		<name>plant</name>
		<pose>Unspecified</pose>
		<truncated>1</truncated>
		<difficult>0</difficult>
		<bndbox>
			<xmin>1074</xmin>
			<ymin>9</ymin>
			<xmax>1500</xmax>
			<ymax>965</ymax>
		</bndbox>
	</object>
	<object>
		<name>plant</name>
		<pose>Unspecified</pose>
		<truncated>0</truncated>
		<difficult>0</difficult>
		<bndbox>
			<xmin>42</xmin>
			<ymin>585</ymin>
			<xmax>194</xmax>
			<ymax>823</ymax>
		</bndbox>
	</object>
	<object>
		<name>books</name>
		<pose>Unspecified</pose>
		<truncated>0</truncated>
		<difficult>0</difficult>
		<bndbox>
			<xmin>513</xmin>
			<ymin>92</ymin>
			<xmax>669</xmax>
			<ymax>143</ymax>
		</bndbox>
	</object>
	<object>
		<name>picture frame</name>
		<pose>Unspecified</pose>
		<truncated>0</truncated>
		<difficult>0</difficult>
		<bndbox>
			<xmin>706</xmin>
			<ymin>7</ymin>
			<xmax>873</xmax>
			<ymax>146</ymax>
		</bndbox>
	</object>
	<object>
		<name>plant</name>
		<pose>Unspecified</pose>
		<truncated>0</truncated>
		<difficult>0</difficult>
		<bndbox>
			<xmin>869</xmin>
			<ymin>32</ymin>
			<xmax>1016</xmax>
			<ymax>197</ymax>
		</bndbox>
	</object>
	<object>
		<name>calender</name>
		<pose>Unspecified</pose>
		<truncated>0</truncated>
		<difficult>0</difficult>
		<bndbox>
			<xmin>684</xmin>
			<ymin>186</ymin>
			<xmax>908</xmax>
			<ymax>356</ymax>
		</bndbox>
	</object>
</annotation>
