<annotation>
	<folder>labellmg</folder>
	<filename>a1a4f211-2ece-4de1-8014-5192c28fb1da_gaming-schreibtisch-aus-holz.jpg</filename>
	<path>E:/x pictures etc/labellmg/a1a4f211-2ece-4de1-8014-5192c28fb1da_gaming-schreibtisch-aus-holz.jpg</path>
	<source>
		<database>Unknown</database>
	</source>
	<size>
		<width>2048</width>
		<height>2048</height>
		<depth>3</depth>
	</size>
	<segmented>0</segmented>
	<object>
		<name>computer mouse</name>
		<pose>Unspecified</pose>
		<truncated>0</truncated>
		<difficult>0</difficult>
		<bndbox>
			<xmin>712</xmin>
			<ymin>707</ymin>
			<xmax>1035</xmax>
			<ymax>954</ymax>
		</bndbox>
	</object>
	<object>
		<name>keyboard</name>
		<pose>Unspecified</pose>
		<truncated>0</truncated>
		<difficult>0</difficult>
		<bndbox>
			<xmin>4</xmin>
			<ymin>842</ymin>
			<xmax>771</xmax>
			<ymax>1467</ymax>
		</bndbox>
	</object>
</annotation>
