<annotation>
	<folder>labellmg</folder>
	<filename>a-yuasa-car-battery-in-the-engine-bay-of-a-2006-suzuki-sx4-KGDMWM.jpg</filename>
	<path>E:/x pictures etc/labellmg/a-yuasa-car-battery-in-the-engine-bay-of-a-2006-suzuki-sx4-KGDMWM.jpg</path>
	<source>
		<database>Unknown</database>
	</source>
	<size>
		<width>866</width>
		<height>1390</height>
		<depth>3</depth>
	</size>
	<segmented>0</segmented>
	<object>
		<name>car battery</name>
		<pose>Unspecified</pose>
		<truncated>0</truncated>
		<difficult>0</difficult>
		<bndbox>
			<xmin>205</xmin>
			<ymin>355</ymin>
			<xmax>664</xmax>
			<ymax>989</ymax>
		</bndbox>
	</object>
	<object>
		<name>black terminal</name>
		<pose>Unspecified</pose>
		<truncated>0</truncated>
		<difficult>0</difficult>
		<bndbox>
			<xmin>475</xmin>
			<ymin>701</ymin>
			<xmax>657</xmax>
			<ymax>932</ymax>
		</bndbox>
	</object>
	<object>
		<name>red terminal</name>
		<pose>Unspecified</pose>
		<truncated>0</truncated>
		<difficult>0</difficult>
		<bndbox>
			<xmin>389</xmin>
			<ymin>311</ymin>
			<xmax>617</xmax>
			<ymax>537</ymax>
		</bndbox>
	</object>
</annotation>
