<annotation>
	<folder>labellmg</folder>
	<filename>cph-90-desk_910x1100_brandmodel2.jpg</filename>
	<path>E:/x pictures etc/labellmg/cph-90-desk_910x1100_brandmodel2.jpg</path>
	<source>
		<database>Unknown</database>
	</source>
	<size>
		<width>400</width>
		<height>484</height>
		<depth>3</depth>
	</size>
	<segmented>0</segmented>
	<object>
		<name>desk</name>
		<pose>Unspecified</pose>
		<truncated>0</truncated>
		<difficult>0</difficult>
		<bndbox>
			<xmin>73</xmin>
			<ymin>221</ymin>
			<xmax>287</xmax>
			<ymax>450</ymax>
		</bndbox>
	</object>
	<object>
		<name>chair</name>
		<pose>Unspecified</pose>
		<truncated>0</truncated>
		<difficult>0</difficult>
		<bndbox>
			<xmin>225</xmin>
			<ymin>223</ymin>
			<xmax>336</xmax>
			<ymax>439</ymax>
		</bndbox>
	</object>
	<object>
		<name>pencil holder</name>
		<pose>Unspecified</pose>
		<truncated>0</truncated>
		<difficult>0</difficult>
		<bndbox>
			<xmin>94</xmin>
			<ymin>213</ymin>
			<xmax>162</xmax>
			<ymax>279</ymax>
		</bndbox>
	</object>
	<object>
		<name>lamp</name>
		<pose>Unspecified</pose>
		<truncated>0</truncated>
		<difficult>0</difficult>
		<bndbox>
			<xmin>169</xmin>
			<ymin>150</ymin>
			<xmax>222</xmax>
			<ymax>246</ymax>
		</bndbox>
	</object>
	<object>
		<name>notepad</name>
		<pose>Unspecified</pose>
		<truncated>0</truncated>
		<difficult>0</difficult>
		<bndbox>
			<xmin>177</xmin>
			<ymin>236</ymin>
			<xmax>250</xmax>
			<ymax>256</ymax>
		</bndbox>
	</object>
</annotation>
