<annotation>
	<folder>labellmg</folder>
	<filename>dog-and-cat-sniffing-each-other_vvvita_Shutterstock.jpg</filename>
	<path>E:/x pictures etc/labellmg/dog-and-cat-sniffing-each-other_vvvita_Shutterstock.jpg</path>
	<source>
		<database>Unknown</database>
	</source>
	<size>
		<width>800</width>
		<height>519</height>
		<depth>3</depth>
	</size>
	<segmented>0</segmented>
	<object>
		<name>cat</name>
		<pose>Unspecified</pose>
		<truncated>0</truncated>
		<difficult>0</difficult>
		<bndbox>
			<xmin>103</xmin>
			<ymin>275</ymin>
			<xmax>276</xmax>
			<ymax>436</ymax>
		</bndbox>
	</object>
	<object>
		<name>dog</name>
		<pose>Unspecified</pose>
		<truncated>0</truncated>
		<difficult>0</difficult>
		<bndbox>
			<xmin>282</xmin>
			<ymin>123</ymin>
			<xmax>787</xmax>
			<ymax>428</ymax>
		</bndbox>
	</object>
</annotation>
