<annotation>
	<folder>labellmg</folder>
	<filename>fc95b3610477f1b8c615ea1f79d435f8_1024x1024.jpg</filename>
	<path>E:/x pictures etc/labellmg/fc95b3610477f1b8c615ea1f79d435f8_1024x1024.jpg</path>
	<source>
		<database>Unknown</database>
	</source>
	<size>
		<width>800</width>
		<height>534</height>
		<depth>3</depth>
	</size>
	<segmented>0</segmented>
	<object>
		<name>engine block</name>
		<pose>Unspecified</pose>
		<truncated>0</truncated>
		<difficult>0</difficult>
		<bndbox>
			<xmin>123</xmin>
			<ymin>87</ymin>
			<xmax>505</xmax>
			<ymax>352</ymax>
		</bndbox>
	</object>
	<object>
		<name>car battery</name>
		<pose>Unspecified</pose>
		<truncated>0</truncated>
		<difficult>0</difficult>
		<bndbox>
			<xmin>587</xmin>
			<ymin>151</ymin>
			<xmax>759</xmax>
			<ymax>361</ymax>
		</bndbox>
	</object>
	<object>
		<name>air filter</name>
		<pose>Unspecified</pose>
		<truncated>0</truncated>
		<difficult>0</difficult>
		<bndbox>
			<xmin>670</xmin>
			<ymin>329</ymin>
			<xmax>789</xmax>
			<ymax>484</ymax>
		</bndbox>
	</object>
	<object>
		<name>strut bar</name>
		<pose>Unspecified</pose>
		<truncated>0</truncated>
		<difficult>0</difficult>
		<bndbox>
			<xmin>196</xmin>
			<ymin>32</ymin>
			<xmax>782</xmax>
			<ymax>166</ymax>
		</bndbox>
	</object>
	<object>
		<name>cooling system hose</name>
		<pose>Unspecified</pose>
		<truncated>0</truncated>
		<difficult>0</difficult>
		<bndbox>
			<xmin>58</xmin>
			<ymin>163</ymin>
			<xmax>140</xmax>
			<ymax>354</ymax>
		</bndbox>
	</object>
	<object>
		<name>fuse box</name>
		<pose>Unspecified</pose>
		<truncated>0</truncated>
		<difficult>0</difficult>
		<bndbox>
			<xmin>40</xmin>
			<ymin>65</ymin>
			<xmax>122</xmax>
			<ymax>136</ymax>
		</bndbox>
	</object>
</annotation>
