<annotation>
	<folder>labellmg</folder>
	<filename>image132015.jpg</filename>
	<path>E:/x pictures etc/labellmg/image132015.jpg</path>
	<source>
		<database>Unknown</database>
	</source>
	<size>
		<width>767</width>
		<height>767</height>
		<depth>3</depth>
	</size>
	<segmented>0</segmented>
	<object>
		<name>desk</name>
		<pose>Unspecified</pose>
		<truncated>0</truncated>
		<difficult>0</difficult>
		<bndbox>
			<xmin>29</xmin>
			<ymin>251</ymin>
			<xmax>719</xmax>
			<ymax>712</ymax>
		</bndbox>
	</object>
	<object>
		<name>chair</name>
		<pose>Unspecified</pose>
		<truncated>0</truncated>
		<difficult>0</difficult>
		<bndbox>
			<xmin>111</xmin>
			<ymin>278</ymin>
			<xmax>418</xmax>
			<ymax>729</ymax>
		</bndbox>
	</object>
	<object>
		<name>lamp</name>
		<pose>Unspecified</pose>
		<truncated>0</truncated>
		<difficult>0</difficult>
		<bndbox>
			<xmin>538</xmin>
			<ymin>152</ymin>
			<xmax>661</xmax>
			<ymax>333</ymax>
		</bndbox>
	</object>
	<object>
		<name>magazine</name>
		<pose>Unspecified</pose>
		<truncated>0</truncated>
		<difficult>0</difficult>
		<bndbox>
			<xmin>232</xmin>
			<ymin>286</ymin>
			<xmax>457</xmax>
			<ymax>327</ymax>
		</bndbox>
	</object>
	<object>
		<name>pencil holder</name>
		<pose>Unspecified</pose>
		<truncated>0</truncated>
		<difficult>0</difficult>
		<bndbox>
			<xmin>498</xmin>
			<ymin>247</ymin>
			<xmax>556</xmax>
			<ymax>317</ymax>
		</bndbox>
	</object>
	<object>
		<name>picture frame</name>
		<pose>Unspecified</pose>
		<truncated>0</truncated>
		<difficult>0</difficult>
		<bndbox>
			<xmin>313</xmin>
			<ymin>22</ymin>
			<xmax>519</xmax>
			<ymax>264</ymax>
		</bndbox>
	</object>
</annotation>
