<annotation>
	<folder>labellmg</folder>
	<filename>IMG_1106.jpg</filename>
	<path>E:/x pictures etc/labellmg/IMG_1106.jpg</path>
	<source>
		<database>Unknown</database>
	</source>
	<size>
		<width>2500</width>
		<height>1667</height>
		<depth>3</depth>
	</size>
	<segmented>0</segmented>
	<object>
		<name>clapper board</name>
		<pose>Unspecified</pose>
		<truncated>0</truncated>
		<difficult>0</difficult>
		<bndbox>
			<xmin>1279</xmin>
			<ymin>1140</ymin>
			<xmax>1587</xmax>
			<ymax>1403</ymax>
		</bndbox>
	</object>
	<object>
		<name>camera</name>
		<pose>Unspecified</pose>
		<truncated>0</truncated>
		<difficult>0</difficult>
		<bndbox>
			<xmin>821</xmin>
			<ymin>856</ymin>
			<xmax>1157</xmax>
			<ymax>1261</ymax>
		</bndbox>
	</object>
	<object>
		<name>man</name>
		<pose>Unspecified</pose>
		<truncated>1</truncated>
		<difficult>0</difficult>
		<bndbox>
			<xmin>224</xmin>
			<ymin>453</ymin>
			<xmax>756</xmax>
			<ymax>1667</ymax>
		</bndbox>
	</object>
	<object>
		<name>girl</name>
		<pose>Unspecified</pose>
		<truncated>1</truncated>
		<difficult>0</difficult>
		<bndbox>
			<xmin>1244</xmin>
			<ymin>848</ymin>
			<xmax>1574</xmax>
			<ymax>1667</ymax>
		</bndbox>
	</object>
	<object>
		<name>woman</name>
		<pose>Unspecified</pose>
		<truncated>0</truncated>
		<difficult>0</difficult>
		<bndbox>
			<xmin>756</xmin>
			<ymin>525</ymin>
			<xmax>1204</xmax>
			<ymax>1656</ymax>
		</bndbox>
	</object>
	<object>
		<name>man</name>
		<pose>Unspecified</pose>
		<truncated>0</truncated>
		<difficult>0</difficult>
		<bndbox>
			<xmin>1094</xmin>
			<ymin>386</ymin>
			<xmax>1379</xmax>
			<ymax>793</ymax>
		</bndbox>
	</object>
	<object>
		<name>microphone</name>
		<pose>Unspecified</pose>
		<truncated>0</truncated>
		<difficult>0</difficult>
		<bndbox>
			<xmin>1332</xmin>
			<ymin>435</ymin>
			<xmax>1649</xmax>
			<ymax>613</ymax>
		</bndbox>
	</object>
	<object>
		<name>woman</name>
		<pose>Unspecified</pose>
		<truncated>0</truncated>
		<difficult>0</difficult>
		<bndbox>
			<xmin>1294</xmin>
			<ymin>561</ymin>
			<xmax>1629</xmax>
			<ymax>881</ymax>
		</bndbox>
	</object>
	<object>
		<name>woman</name>
		<pose>Unspecified</pose>
		<truncated>1</truncated>
		<difficult>0</difficult>
		<bndbox>
			<xmin>1639</xmin>
			<ymin>506</ymin>
			<xmax>2087</xmax>
			<ymax>1667</ymax>
		</bndbox>
	</object>
</annotation>
