<annotation>
	<folder>labellmg</folder>
	<filename>istockphoto-1387843089-612x612.jpg</filename>
	<path>E:/x pictures etc/labellmg/istockphoto-1387843089-612x612.jpg</path>
	<source>
		<database>Unknown</database>
	</source>
	<size>
		<width>612</width>
		<height>409</height>
		<depth>3</depth>
	</size>
	<segmented>0</segmented>
	<object>
		<name>woman</name>
		<pose>Unspecified</pose>
		<truncated>1</truncated>
		<difficult>0</difficult>
		<bndbox>
			<xmin>179</xmin>
			<ymin>83</ymin>
			<xmax>426</xmax>
			<ymax>409</ymax>
		</bndbox>
	</object>
	<object>
		<name>ear ring</name>
		<pose>Unspecified</pose>
		<truncated>0</truncated>
		<difficult>0</difficult>
		<bndbox>
			<xmin>313</xmin>
			<ymin>154</ymin>
			<xmax>342</xmax>
			<ymax>187</ymax>
		</bndbox>
	</object>
	<object>
		<name>coffee</name>
		<pose>Unspecified</pose>
		<truncated>0</truncated>
		<difficult>0</difficult>
		<bndbox>
			<xmin>321</xmin>
			<ymin>249</ymin>
			<xmax>372</xmax>
			<ymax>308</ymax>
		</bndbox>
	</object>
	<object>
		<name>ring</name>
		<pose>Unspecified</pose>
		<truncated>0</truncated>
		<difficult>0</difficult>
		<bndbox>
			<xmin>316</xmin>
			<ymin>271</ymin>
			<xmax>327</xmax>
			<ymax>282</ymax>
		</bndbox>
	</object>
	<object>
		<name>phone</name>
		<pose>Unspecified</pose>
		<truncated>0</truncated>
		<difficult>0</difficult>
		<bndbox>
			<xmin>365</xmin>
			<ymin>257</ymin>
			<xmax>448</xmax>
			<ymax>314</ymax>
		</bndbox>
	</object>
</annotation>
