<annotation>
	<folder>labellmg</folder>
	<filename>oxtools_cover.jpg</filename>
	<path>E:/x pictures etc/labellmg/oxtools_cover.jpg</path>
	<source>
		<database>Unknown</database>
	</source>
	<size>
		<width>4709</width>
		<height>3621</height>
		<depth>3</depth>
	</size>
	<segmented>0</segmented>
	<object>
		<name>level</name>
		<pose>Unspecified</pose>
		<truncated>0</truncated>
		<difficult>0</difficult>
		<bndbox>
			<xmin>217</xmin>
			<ymin>880</ymin>
			<xmax>1628</xmax>
			<ymax>1837</ymax>
		</bndbox>
	</object>
	<object>
		<name>claw hammer</name>
		<pose>Unspecified</pose>
		<truncated>0</truncated>
		<difficult>0</difficult>
		<bndbox>
			<xmin>103</xmin>
			<ymin>1856</ymin>
			<xmax>2235</xmax>
			<ymax>3238</ymax>
		</bndbox>
	</object>
	<object>
		<name>pry bar</name>
		<pose>Unspecified</pose>
		<truncated>0</truncated>
		<difficult>0</difficult>
		<bndbox>
			<xmin>963</xmin>
			<ymin>606</ymin>
			<xmax>2042</xmax>
			<ymax>1745</ymax>
		</bndbox>
	</object>
	<object>
		<name>adjustable wrench</name>
		<pose>Unspecified</pose>
		<truncated>0</truncated>
		<difficult>0</difficult>
		<bndbox>
			<xmin>2753</xmin>
			<ymin>374</ymin>
			<xmax>3810</xmax>
			<ymax>1606</ymax>
		</bndbox>
	</object>
	<object>
		<name>prunning saw</name>
		<pose>Unspecified</pose>
		<truncated>0</truncated>
		<difficult>0</difficult>
		<bndbox>
			<xmin>2717</xmin>
			<ymin>1467</ymin>
			<xmax>4613</xmax>
			<ymax>1888</ymax>
		</bndbox>
	</object>
	<object>
		<name>snips</name>
		<pose>Unspecified</pose>
		<truncated>0</truncated>
		<difficult>0</difficult>
		<bndbox>
			<xmin>192</xmin>
			<ymin>1681</ymin>
			<xmax>1363</xmax>
			<ymax>2288</ymax>
		</bndbox>
	</object>
	<object>
		<name>screw driver</name>
		<pose>Unspecified</pose>
		<truncated>0</truncated>
		<difficult>0</difficult>
		<bndbox>
			<xmin>2763</xmin>
			<ymin>1910</ymin>
			<xmax>4663</xmax>
			<ymax>2353</ymax>
		</bndbox>
	</object>
	<object>
		<name>tape measure</name>
		<pose>Unspecified</pose>
		<truncated>0</truncated>
		<difficult>0</difficult>
		<bndbox>
			<xmin>963</xmin>
			<ymin>2538</ymin>
			<xmax>2110</xmax>
			<ymax>3292</ymax>
		</bndbox>
	</object>
	<object>
		<name>utility knife</name>
		<pose>Unspecified</pose>
		<truncated>0</truncated>
		<difficult>0</difficult>
		<bndbox>
			<xmin>2199</xmin>
			<ymin>2688</ymin>
			<xmax>2563</xmax>
			<ymax>3553</ymax>
		</bndbox>
	</object>
	<object>
		<name>flat trowel</name>
		<pose>Unspecified</pose>
		<truncated>0</truncated>
		<difficult>0</difficult>
		<bndbox>
			<xmin>2406</xmin>
			<ymin>2021</ymin>
			<xmax>4148</xmax>
			<ymax>3332</ymax>
		</bndbox>
	</object>
	<object>
		<name>trowel</name>
		<pose>Unspecified</pose>
		<truncated>0</truncated>
		<difficult>0</difficult>
		<bndbox>
			<xmin>1878</xmin>
			<ymin>95</ymin>
			<xmax>2774</xmax>
			<ymax>2292</ymax>
		</bndbox>
	</object>
	<object>
		<name>carpenter pencil</name>
		<pose>Unspecified</pose>
		<truncated>0</truncated>
		<difficult>0</difficult>
		<bndbox>
			<xmin>3449</xmin>
			<ymin>1056</ymin>
			<xmax>4153</xmax>
			<ymax>1563</ymax>
		</bndbox>
	</object>
</annotation>
