<annotation>
	<folder>labellmg</folder>
	<filename>photo-1499951360447-b19be8fe80f5.jpg</filename>
	<path>E:/x pictures etc/labellmg/photo-1499951360447-b19be8fe80f5.jpg</path>
	<source>
		<database>Unknown</database>
	</source>
	<size>
		<width>3000</width>
		<height>2000</height>
		<depth>3</depth>
	</size>
	<segmented>0</segmented>
	<object>
		<name>flask</name>
		<pose>Unspecified</pose>
		<truncated>0</truncated>
		<difficult>0</difficult>
		<bndbox>
			<xmin>1019</xmin>
			<ymin>828</ymin>
			<xmax>1189</xmax>
			<ymax>1302</ymax>
		</bndbox>
	</object>
	<object>
		<name>plant</name>
		<pose>Unspecified</pose>
		<truncated>0</truncated>
		<difficult>0</difficult>
		<bndbox>
			<xmin>517</xmin>
			<ymin>862</ymin>
			<xmax>947</xmax>
			<ymax>1352</ymax>
		</bndbox>
	</object>
	<object>
		<name>laptop</name>
		<pose>Unspecified</pose>
		<truncated>0</truncated>
		<difficult>0</difficult>
		<bndbox>
			<xmin>741</xmin>
			<ymin>692</ymin>
			<xmax>2011</xmax>
			<ymax>1602</ymax>
		</bndbox>
	</object>
	<object>
		<name>mouse</name>
		<pose>Unspecified</pose>
		<truncated>0</truncated>
		<difficult>0</difficult>
		<bndbox>
			<xmin>1681</xmin>
			<ymin>1582</ymin>
			<xmax>2221</xmax>
			<ymax>1824</ymax>
		</bndbox>
	</object>
	<object>
		<name>lamp</name>
		<pose>Unspecified</pose>
		<truncated>0</truncated>
		<difficult>0</difficult>
		<bndbox>
			<xmin>1035</xmin>
			<ymin>106</ymin>
			<xmax>1747</xmax>
			<ymax>486</ymax>
		</bndbox>
	</object>
	<object>
		<name>stylis</name>
		<pose>Unspecified</pose>
		<truncated>0</truncated>
		<difficult>0</difficult>
		<bndbox>
			<xmin>2247</xmin>
			<ymin>952</ymin>
			<xmax>2469</xmax>
			<ymax>1524</ymax>
		</bndbox>
	</object>
	<object>
		<name>computer</name>
		<pose>Unspecified</pose>
		<truncated>0</truncated>
		<difficult>0</difficult>
		<bndbox>
			<xmin>1559</xmin>
			<ymin>138</ymin>
			<xmax>2635</xmax>
			<ymax>1210</ymax>
		</bndbox>
	</object>
	<object>
		<name>mouse track pad</name>
		<pose>Unspecified</pose>
		<truncated>0</truncated>
		<difficult>0</difficult>
		<bndbox>
			<xmin>1311</xmin>
			<ymin>1532</ymin>
			<xmax>2757</xmax>
			<ymax>1996</ymax>
		</bndbox>
	</object>
	<object>
		<name>desk</name>
		<pose>Unspecified</pose>
		<truncated>1</truncated>
		<difficult>0</difficult>
		<bndbox>
			<xmin>265</xmin>
			<ymin>1082</ymin>
			<xmax>2955</xmax>
			<ymax>2000</ymax>
		</bndbox>
	</object>
</annotation>
