<annotation>
	<folder>labellmg</folder>
	<filename>tool-box-wooden-work-black-background-32461730.jpg</filename>
	<path>E:/x pictures etc/labellmg/tool-box-wooden-work-black-background-32461730.jpg</path>
	<source>
		<database>Unknown</database>
	</source>
	<size>
		<width>800</width>
		<height>542</height>
		<depth>3</depth>
	</size>
	<segmented>0</segmented>
	<object>
		<name>drill</name>
		<pose>Unspecified</pose>
		<truncated>0</truncated>
		<difficult>0</difficult>
		<bndbox>
			<xmin>135</xmin>
			<ymin>171</ymin>
			<xmax>434</xmax>
			<ymax>328</ymax>
		</bndbox>
	</object>
	<object>
		<name>spirit level</name>
		<pose>Unspecified</pose>
		<truncated>0</truncated>
		<difficult>0</difficult>
		<bndbox>
			<xmin>257</xmin>
			<ymin>252</ymin>
			<xmax>429</xmax>
			<ymax>371</ymax>
		</bndbox>
	</object>
	<object>
		<name>claw hammer</name>
		<pose>Unspecified</pose>
		<truncated>0</truncated>
		<difficult>0</difficult>
		<bndbox>
			<xmin>495</xmin>
			<ymin>123</ymin>
			<xmax>648</xmax>
			<ymax>267</ymax>
		</bndbox>
	</object>
	<object>
		<name>plier</name>
		<pose>Unspecified</pose>
		<truncated>0</truncated>
		<difficult>0</difficult>
		<bndbox>
			<xmin>544</xmin>
			<ymin>204</ymin>
			<xmax>617</xmax>
			<ymax>309</ymax>
		</bndbox>
	</object>
	<object>
		<name>ruler</name>
		<pose>Unspecified</pose>
		<truncated>0</truncated>
		<difficult>0</difficult>
		<bndbox>
			<xmin>282</xmin>
			<ymin>120</ymin>
			<xmax>377</xmax>
			<ymax>208</ymax>
		</bndbox>
	</object>
	<object>
		<name>vice grip</name>
		<pose>Unspecified</pose>
		<truncated>0</truncated>
		<difficult>0</difficult>
		<bndbox>
			<xmin>373</xmin>
			<ymin>132</ymin>
			<xmax>472</xmax>
			<ymax>242</ymax>
		</bndbox>
	</object>
	<object>
		<name>wooden tool box</name>
		<pose>Unspecified</pose>
		<truncated>0</truncated>
		<difficult>0</difficult>
		<bndbox>
			<xmin>200</xmin>
			<ymin>43</ymin>
			<xmax>634</xmax>
			<ymax>518</ymax>
		</bndbox>
	</object>
</annotation>
