<annotation>
	<folder>labellmg</folder>
	<filename>tools-864983_1280.jpg</filename>
	<path>E:/x pictures etc/labellmg/tools-864983_1280.jpg</path>
	<source>
		<database>Unknown</database>
	</source>
	<size>
		<width>1280</width>
		<height>853</height>
		<depth>3</depth>
	</size>
	<segmented>0</segmented>
	<object>
		<name>hammer</name>
		<pose>Unspecified</pose>
		<truncated>0</truncated>
		<difficult>0</difficult>
		<bndbox>
			<xmin>41</xmin>
			<ymin>117</ymin>
			<xmax>361</xmax>
			<ymax>852</ymax>
		</bndbox>
	</object>
	<object>
		<name>screw driver</name>
		<pose>Unspecified</pose>
		<truncated>0</truncated>
		<difficult>0</difficult>
		<bndbox>
			<xmin>350</xmin>
			<ymin>19</ymin>
			<xmax>907</xmax>
			<ymax>332</ymax>
		</bndbox>
	</object>
	<object>
		<name>needle nose pliers</name>
		<pose>Unspecified</pose>
		<truncated>0</truncated>
		<difficult>0</difficult>
		<bndbox>
			<xmin>387</xmin>
			<ymin>420</ymin>
			<xmax>644</xmax>
			<ymax>808</ymax>
		</bndbox>
	</object>
	<object>
		<name>allen wrench</name>
		<pose>Unspecified</pose>
		<truncated>0</truncated>
		<difficult>0</difficult>
		<bndbox>
			<xmin>68</xmin>
			<ymin>449</ymin>
			<xmax>231</xmax>
			<ymax>673</ymax>
		</bndbox>
	</object>
	<object>
		<name>utility knife</name>
		<pose>Unspecified</pose>
		<truncated>0</truncated>
		<difficult>0</difficult>
		<bndbox>
			<xmin>688</xmin>
			<ymin>294</ymin>
			<xmax>1060</xmax>
			<ymax>597</ymax>
		</bndbox>
	</object>
	<object>
		<name>drill</name>
		<pose>Unspecified</pose>
		<truncated>1</truncated>
		<difficult>0</difficult>
		<bndbox>
			<xmin>928</xmin>
			<ymin>504</ymin>
			<xmax>1280</xmax>
			<ymax>693</ymax>
		</bndbox>
	</object>
	<object>
		<name>combination wrench</name>
		<pose>Unspecified</pose>
		<truncated>0</truncated>
		<difficult>0</difficult>
		<bndbox>
			<xmin>698</xmin>
			<ymin>443</ymin>
			<xmax>911</xmax>
			<ymax>777</ymax>
		</bndbox>
	</object>
	<object>
		<name>screw driver bits</name>
		<pose>Unspecified</pose>
		<truncated>0</truncated>
		<difficult>0</difficult>
		<bndbox>
			<xmin>953</xmin>
			<ymin>158</ymin>
			<xmax>1124</xmax>
			<ymax>407</ymax>
		</bndbox>
	</object>
	<object>
		<name>dowels</name>
		<pose>Unspecified</pose>
		<truncated>0</truncated>
		<difficult>0</difficult>
		<bndbox>
			<xmin>617</xmin>
			<ymin>467</ymin>
			<xmax>729</xmax>
			<ymax>616</ymax>
		</bndbox>
	</object>
	<object>
		<name>screws</name>
		<pose>Unspecified</pose>
		<truncated>0</truncated>
		<difficult>0</difficult>
		<bndbox>
			<xmin>140</xmin>
			<ymin>704</ymin>
			<xmax>261</xmax>
			<ymax>851</ymax>
		</bndbox>
	</object>
	<object>
		<name>allen wrench</name>
		<pose>Unspecified</pose>
		<truncated>0</truncated>
		<difficult>0</difficult>
		<bndbox>
			<xmin>430</xmin>
			<ymin>171</ymin>
			<xmax>639</xmax>
			<ymax>361</ymax>
		</bndbox>
	</object>
	<object>
		<name>pliers</name>
		<pose>Unspecified</pose>
		<truncated>0</truncated>
		<difficult>0</difficult>
		<bndbox>
			<xmin>335</xmin>
			<ymin>224</ymin>
			<xmax>544</xmax>
			<ymax>504</ymax>
		</bndbox>
	</object>
	<object>
		<name>washers</name>
		<pose>Unspecified</pose>
		<truncated>0</truncated>
		<difficult>0</difficult>
		<bndbox>
			<xmin>889</xmin>
			<ymin>21</ymin>
			<xmax>967</xmax>
			<ymax>157</ymax>
		</bndbox>
	</object>
	<object>
		<name>screws</name>
		<pose>Unspecified</pose>
		<truncated>1</truncated>
		<difficult>0</difficult>
		<bndbox>
			<xmin>739</xmin>
			<ymin>1</ymin>
			<xmax>864</xmax>
			<ymax>62</ymax>
		</bndbox>
	</object>
	<object>
		<name>allen wrench</name>
		<pose>Unspecified</pose>
		<truncated>0</truncated>
		<difficult>0</difficult>
		<bndbox>
			<xmin>652</xmin>
			<ymin>650</ymin>
			<xmax>811</xmax>
			<ymax>729</ymax>
		</bndbox>
	</object>
</annotation>
